,Area,Country,Year,Pct_gdp
0,Central Europe,Albania,1991,5.79%
1,Central Europe,Bosnia and Herzegovina,1991,
2,Central Europe,Bulgaria,1991,3.04%
3,Central Europe,Croatia,1991,
4,Central Europe,Czechia,1991,
5,Central Europe,Estonia,1991,
6,Central Europe,Hungary,1991,2.16%
7,Central Europe,Kosovo,1991,
8,Central Europe,North Macedonia,1991,
9,Central Europe,Montenegro,1991,
10,Central Europe,Poland,1991,2.25%
11,Central Europe,Romania,1991,4.77%
12,Central Europe,Serbia,1991,
13,Central Europe,Slovakia,1991,
14,Central Europe,Slovenia,1991,
15,Eastern Europe,Belarus,1991,
16,Eastern Europe,Moldova,1991,
17,Eastern Europe,Russia,1991,
18,Eastern Europe,Ukraine,1991,
19,Western Europe,Austria,1991,1.15%
20,Western Europe,Belgium,1991,2.29%
21,Western Europe,Cyprus,1991,7.26%
22,Western Europe,Denmark,1991,1.95%
23,Western Europe,Finland,1991,1.78%
24,Western Europe,France,1991,2.81%
25,Western Europe,Germany,1991,2.00%
26,Western Europe,Greece,1991,3.48%
27,Western Europe,Ireland,1991,1.25%
28,Western Europe,Italy,1991,1.86%
29,Western Europe,Luxembourg,1991,0.81%
30,Western Europe,Malta,1991,0.87%
31,Western Europe,Netherlands,1991,2.25%
32,Western Europe,Norway,1991,2.75%
33,Western Europe,Portugal,1991,2.42%
34,Western Europe,Spain,1991,2.13%
35,Western Europe,Sweden,1991,2.32%
36,Western Europe,Switzerland,1991,1.54%
37,Western Europe,United Kingdom,1991,4.12%
38,Central Europe,Albania,1992,4.67%
39,Central Europe,Bosnia and Herzegovina,1992,
40,Central Europe,Bulgaria,1992,2.97%
41,Central Europe,Croatia,1992,7.61%
42,Central Europe,Czechia,1992,
43,Central Europe,Estonia,1992,
44,Central Europe,Hungary,1992,2.18%
45,Central Europe,Kosovo,1992,
46,Central Europe,North Macedonia,1992,
47,Central Europe,Montenegro,1992,
48,Central Europe,Poland,1992,2.23%
49,Central Europe,Romania,1992,4.25%
50,Central Europe,Serbia,1992,
51,Central Europe,Slovakia,1992,
52,Central Europe,Slovenia,1992,2.25%
53,Eastern Europe,Belarus,1992,1.62%
54,Eastern Europe,Moldova,1992,
55,Eastern Europe,Russia,1992,4.43%
56,Eastern Europe,Ukraine,1992,
57,Western Europe,Austria,1992,1.10%
58,Western Europe,Belgium,1992,1.83%
59,Western Europe,Cyprus,1992,9.13%
60,Western Europe,Denmark,1992,1.89%
61,Western Europe,Finland,1992,1.91%
62,Western Europe,France,1992,2.69%
63,Western Europe,Germany,1992,1.86%
64,Western Europe,Greece,1992,3.63%
65,Western Europe,Ireland,1992,1.20%
66,Western Europe,Italy,1992,1.75%
67,Western Europe,Luxembourg,1992,0.83%
68,Western Europe,Malta,1992,0.97%
69,Western Europe,Netherlands,1992,2.21%
70,Western Europe,Norway,1992,2.96%
71,Western Europe,Portugal,1992,2.39%
72,Western Europe,Spain,1992,2.04%
73,Western Europe,Sweden,1992,2.34%
74,Western Europe,Switzerland,1992,1.52%
75,Western Europe,United Kingdom,1992,3.86%
76,Central Europe,Albania,1993,3.20%
77,Central Europe,Bosnia and Herzegovina,1993,
78,Central Europe,Bulgaria,1993,2.61%
79,Central Europe,Croatia,1993,10.73%
80,Central Europe,Czechia,1993,2.33%
81,Central Europe,Estonia,1993,0.76%
82,Central Europe,Hungary,1993,1.91%
83,Central Europe,Kosovo,1993,
84,Central Europe,North Macedonia,1993,
85,Central Europe,Montenegro,1993,
86,Central Europe,Poland,1993,2.47%
87,Central Europe,Romania,1993,2.74%
88,Central Europe,Serbia,1993,
89,Central Europe,Slovakia,1993,2.00%
90,Central Europe,Slovenia,1993,1.82%
91,Eastern Europe,Belarus,1993,2.79%
92,Eastern Europe,Moldova,1993,0.53%
93,Eastern Europe,Russia,1993,4.18%
94,Eastern Europe,Ukraine,1993,0.35%
95,Western Europe,Austria,1993,1.12%
96,Western Europe,Belgium,1993,1.74%
97,Western Europe,Cyprus,1993,4.07%
98,Western Europe,Denmark,1993,1.91%
99,Western Europe,Finland,1993,1.87%
100,Western Europe,France,1993,2.69%
101,Western Europe,Germany,1993,1.69%
102,Western Europe,Greece,1993,3.60%
103,Western Europe,Ireland,1993,1.14%
104,Western Europe,Italy,1993,1.79%
105,Western Europe,Luxembourg,1993,0.71%
106,Western Europe,Malta,1993,1.00%
107,Western Europe,Netherlands,1993,2.03%
108,Western Europe,Norway,1993,2.69%
109,Western Europe,Portugal,1993,2.37%
110,Western Europe,Spain,1993,2.01%
111,Western Europe,Sweden,1993,2.26%
112,Western Europe,Switzerland,1993,1.37%
113,Western Europe,United Kingdom,1993,3.59%
114,Central Europe,Albania,1994,2.55%
115,Central Europe,Bosnia and Herzegovina,1994,
116,Central Europe,Bulgaria,1994,2.49%
117,Central Europe,Croatia,1994,11.15%
118,Central Europe,Czechia,1994,2.28%
119,Central Europe,Estonia,1994,1.04%
120,Central Europe,Hungary,1994,1.82%
121,Central Europe,Kosovo,1994,
122,Central Europe,North Macedonia,1994,
123,Central Europe,Montenegro,1994,
124,Central Europe,Poland,1994,2.27%
125,Central Europe,Romania,1994,3.11%
126,Central Europe,Serbia,1994,
127,Central Europe,Slovakia,1994,1.94%
128,Central Europe,Slovenia,1994,1.65%
129,Eastern Europe,Belarus,1994,3.62%
130,Eastern Europe,Moldova,1994,0.77%
131,Eastern Europe,Russia,1994,4.52%
132,Eastern Europe,Ukraine,1994,1.80%
133,Western Europe,Austria,1994,1.09%
134,Western Europe,Belgium,1994,1.68%
135,Western Europe,Cyprus,1994,4.02%
136,Western Europe,Denmark,1994,1.77%
137,Western Europe,Finland,1994,1.76%
138,Western Europe,France,1994,2.66%
139,Western Europe,Germany,1994,1.55%
140,Western Europe,Greece,1994,3.58%
141,Western Europe,Ireland,1994,1.11%
142,Western Europe,Italy,1994,1.71%
143,Western Europe,Luxembourg,1994,0.74%
144,Western Europe,Malta,1994,1.02%
145,Western Europe,Netherlands,1994,1.91%
146,Western Europe,Norway,1994,2.73%
147,Western Europe,Portugal,1994,2.23%
148,Western Europe,Spain,1994,2.00%
149,Western Europe,Sweden,1994,2.13%
150,Western Europe,Switzerland,1994,1.33%
151,Western Europe,United Kingdom,1994,3.38%
152,Central Europe,Albania,1995,2.05%
153,Central Europe,Bosnia and Herzegovina,1995,
154,Central Europe,Bulgaria,1995,2.37%
155,Central Europe,Croatia,1995,9.32%
156,Central Europe,Czechia,1995,1.84%
157,Central Europe,Estonia,1995,0.96%
158,Central Europe,Hungary,1995,1.32%
159,Central Europe,Kosovo,1995,
160,Central Europe,North Macedonia,1995,
161,Central Europe,Montenegro,1995,
162,Central Europe,Poland,1995,1.96%
163,Central Europe,Romania,1995,2.61%
164,Central Europe,Serbia,1995,
165,Central Europe,Slovakia,1995,3.15%
166,Central Europe,Slovenia,1995,1.57%
167,Eastern Europe,Belarus,1995,1.70%
168,Eastern Europe,Moldova,1995,0.93%
169,Eastern Europe,Russia,1995,3.78%
170,Eastern Europe,Ukraine,1995,2.04%
171,Western Europe,Austria,1995,1.07%
172,Western Europe,Belgium,1995,1.57%
173,Western Europe,Cyprus,1995,3.04%
174,Western Europe,Denmark,1995,1.69%
175,Western Europe,Finland,1995,1.42%
176,Western Europe,France,1995,2.49%
177,Western Europe,Germany,1995,1.50%
178,Western Europe,Greece,1995,3.17%
179,Western Europe,Ireland,1995,1.01%
180,Western Europe,Italy,1995,1.47%
181,Western Europe,Luxembourg,1995,0.60%
182,Western Europe,Malta,1995,0.84%
183,Western Europe,Netherlands,1995,1.79%
184,Western Europe,Norway,1995,2.31%
185,Western Europe,Portugal,1995,2.26%
186,Western Europe,Spain,1995,1.92%
187,Western Europe,Sweden,1995,1.75%
188,Western Europe,Switzerland,1995,1.36%
189,Western Europe,United Kingdom,1995,2.85%
190,Central Europe,Albania,1996,1.38%
191,Central Europe,Bosnia and Herzegovina,1996,
192,Central Europe,Bulgaria,1996,2.40%
193,Central Europe,Croatia,1996,8.29%
194,Central Europe,Czechia,1996,1.73%
195,Central Europe,Estonia,1996,0.87%
196,Central Europe,Hungary,1996,1.26%
197,Central Europe,Kosovo,1996,
198,Central Europe,North Macedonia,1996,2.81%
199,Central Europe,Montenegro,1996,
200,Central Europe,Poland,1996,1.97%
201,Central Europe,Romania,1996,2.37%
202,Central Europe,Serbia,1996,3.51%
203,Central Europe,Slovakia,1996,2.97%
204,Central Europe,Slovenia,1996,1.54%
205,Eastern Europe,Belarus,1996,1.26%
206,Eastern Europe,Moldova,1996,0.91%
207,Eastern Europe,Russia,1996,3.76%
208,Eastern Europe,Ukraine,1996,2.19%
209,Western Europe,Austria,1996,1.05%
210,Western Europe,Belgium,1996,1.54%
211,Western Europe,Cyprus,1996,4.52%
212,Western Europe,Denmark,1996,1.64%
213,Western Europe,Finland,1996,1.53%
214,Western Europe,France,1996,2.41%
215,Western Europe,Germany,1996,1.47%
216,Western Europe,Greece,1996,3.31%
217,Western Europe,Ireland,1996,0.99%
218,Western Europe,Italy,1996,1.59%
219,Western Europe,Luxembourg,1996,0.59%
220,Western Europe,Malta,1996,0.87%
221,Western Europe,Netherlands,1996,1.76%
222,Western Europe,Norway,1996,2.16%
223,Western Europe,Portugal,1996,2.12%
224,Western Europe,Spain,1996,1.81%
225,Western Europe,Sweden,1996,1.48%
226,Western Europe,Switzerland,1996,1.28%
227,Western Europe,United Kingdom,1996,2.72%
228,Central Europe,Albania,1997,1.28%
229,Central Europe,Bosnia and Herzegovina,1997,
230,Central Europe,Bulgaria,1997,2.43%
231,Central Europe,Croatia,1997,8.94%
232,Central Europe,Czechia,1997,1.66%
233,Central Europe,Estonia,1997,1.05%
234,Central Europe,Hungary,1997,1.48%
235,Central Europe,Kosovo,1997,
236,Central Europe,North Macedonia,1997,2.13%
237,Central Europe,Montenegro,1997,
238,Central Europe,Poland,1997,2.03%
239,Central Europe,Romania,1997,3.02%
240,Central Europe,Serbia,1997,3.79%
241,Central Europe,Slovakia,1997,2.28%
242,Central Europe,Slovenia,1997,1.40%
243,Eastern Europe,Belarus,1997,1.77%
244,Eastern Europe,Moldova,1997,0.90%
245,Eastern Europe,Russia,1997,4.04%
246,Eastern Europe,Ukraine,1997,2.79%
247,Western Europe,Austria,1997,1.05%
248,Western Europe,Belgium,1997,1.48%
249,Western Europe,Cyprus,1997,5.57%
250,Western Europe,Denmark,1997,1.62%
251,Western Europe,Finland,1997,1.54%
252,Western Europe,France,1997,2.38%
253,Western Europe,Germany,1997,1.41%
254,Western Europe,Greece,1997,3.37%
255,Western Europe,Ireland,1997,0.92%
256,Western Europe,Italy,1997,1.63%
257,Western Europe,Luxembourg,1997,0.61%
258,Western Europe,Malta,1997,0.82%
259,Western Europe,Netherlands,1997,1.66%
260,Western Europe,Norway,1997,2.02%
261,Western Europe,Portugal,1997,2.04%
262,Western Europe,Spain,1997,1.72%
263,Western Europe,Sweden,1997,1.91%
264,Western Europe,Switzerland,1997,1.22%
265,Western Europe,United Kingdom,1997,2.56%
266,Central Europe,Albania,1998,1.24%
267,Central Europe,Bosnia and Herzegovina,1998,
268,Central Europe,Bulgaria,1998,2.45%
269,Central Europe,Croatia,1998,6.60%
270,Central Europe,Czechia,1998,1.83%
271,Central Europe,Estonia,1998,1.07%
272,Central Europe,Hungary,1998,1.27%
273,Central Europe,Kosovo,1998,
274,Central Europe,North Macedonia,1998,2.10%
275,Central Europe,Montenegro,1998,
276,Central Europe,Poland,1998,2.02%
277,Central Europe,Romania,1998,3.00%
278,Central Europe,Serbia,1998,3.51%
279,Central Europe,Slovakia,1998,1.74%
280,Central Europe,Slovenia,1998,1.36%
281,Eastern Europe,Belarus,1998,1.50%
282,Eastern Europe,Moldova,1998,0.62%
283,Eastern Europe,Russia,1998,2.73%
284,Eastern Europe,Ukraine,1998,2.11%
285,Western Europe,Austria,1998,1.02%
286,Western Europe,Belgium,1998,1.46%
287,Western Europe,Cyprus,1998,4.68%
288,Western Europe,Denmark,1998,1.61%
289,Western Europe,Finland,1998,1.46%
290,Western Europe,France,1998,2.23%
291,Western Europe,Germany,1998,1.39%
292,Western Europe,Greece,1998,3.53%
293,Western Europe,Ireland,1998,0.82%
294,Western Europe,Italy,1998,1.64%
295,Western Europe,Luxembourg,1998,0.64%
296,Western Europe,Malta,1998,0.73%
297,Western Europe,Netherlands,1998,1.58%
298,Western Europe,Norway,1998,2.16%
299,Western Europe,Portugal,1998,1.88%
300,Western Europe,Spain,1998,1.76%
301,Western Europe,Sweden,1998,1.87%
302,Western Europe,Switzerland,1998,1.18%
303,Western Europe,United Kingdom,1998,2.50%
304,Central Europe,Albania,1999,1.25%
305,Central Europe,Bosnia and Herzegovina,1999,
306,Central Europe,Bulgaria,1999,2.65%
307,Central Europe,Croatia,1999,4.43%
308,Central Europe,Czechia,1999,1.86%
309,Central Europe,Estonia,1999,1.29%
310,Central Europe,Hungary,1999,1.43%
311,Central Europe,Kosovo,1999,
312,Central Europe,North Macedonia,1999,1.71%
313,Central Europe,Montenegro,1999,
314,Central Europe,Poland,1999,1.90%
315,Central Europe,Romania,1999,2.64%
316,Central Europe,Serbia,1999,4.01%
317,Central Europe,Slovakia,1999,1.57%
318,Central Europe,Slovenia,1999,1.21%
319,Eastern Europe,Belarus,1999,1.37%
320,Eastern Europe,Moldova,1999,0.51%
321,Eastern Europe,Russia,1999,3.07%
322,Eastern Europe,Ukraine,1999,1.90%
323,Western Europe,Austria,1999,0.98%
324,Western Europe,Belgium,1999,1.39%
325,Western Europe,Cyprus,1999,2.73%
326,Western Europe,Denmark,1999,1.56%
327,Western Europe,Finland,1999,1.22%
328,Western Europe,France,1999,2.18%
329,Western Europe,Germany,1999,1.40%
330,Western Europe,Greece,1999,3.36%
331,Western Europe,Ireland,1999,0.75%
332,Western Europe,Italy,1999,1.68%
333,Western Europe,Luxembourg,1999,0.57%
334,Western Europe,Malta,1999,0.68%
335,Western Europe,Netherlands,1999,1.59%
336,Western Europe,Norway,1999,2.04%
337,Western Europe,Portugal,1999,1.89%
338,Western Europe,Spain,1999,1.76%
339,Western Europe,Sweden,1999,1.87%
340,Western Europe,Switzerland,1999,1.09%
341,Western Europe,United Kingdom,1999,2.42%
342,Central Europe,Albania,2000,1.25%
343,Central Europe,Bosnia and Herzegovina,2000,
344,Central Europe,Bulgaria,2000,2.67%
345,Central Europe,Croatia,2000,3.03%
346,Central Europe,Czechia,2000,1.88%
347,Central Europe,Estonia,2000,1.38%
348,Central Europe,Hungary,2000,1.51%
349,Central Europe,Kosovo,2000,
350,Central Europe,North Macedonia,2000,1.85%
351,Central Europe,Montenegro,2000,
352,Central Europe,Poland,2000,1.83%
353,Central Europe,Romania,2000,2.50%
354,Central Europe,Serbia,2000,5.15%
355,Central Europe,Slovakia,2000,1.66%
356,Central Europe,Slovenia,2000,1.09%
357,Eastern Europe,Belarus,2000,1.35%
358,Eastern Europe,Moldova,2000,0.39%
359,Eastern Europe,Russia,2000,3.31%
360,Eastern Europe,Ukraine,2000,2.15%
361,Western Europe,Austria,2000,0.98%
362,Western Europe,Belgium,2000,1.34%
363,Western Europe,Cyprus,2000,2.82%
364,Western Europe,Denmark,2000,1.46%
365,Western Europe,Finland,2000,1.24%
366,Western Europe,France,2000,2.09%
367,Western Europe,Germany,2000,1.36%
368,Western Europe,Greece,2000,3.47%
369,Western Europe,Ireland,2000,0.70%
370,Western Europe,Italy,2000,1.74%
371,Western Europe,Luxembourg,2000,0.54%
372,Western Europe,Malta,2000,0.63%
373,Western Europe,Netherlands,2000,1.43%
374,Western Europe,Norway,2000,1.71%
375,Western Europe,Portugal,2000,1.86%
376,Western Europe,Spain,2000,1.73%
377,Western Europe,Sweden,2000,1.82%
378,Western Europe,Switzerland,2000,1.03%
379,Western Europe,United Kingdom,2000,2.37%
380,Central Europe,Albania,2001,1.31%
381,Central Europe,Bosnia and Herzegovina,2001,
382,Central Europe,Bulgaria,2001,2.88%
383,Central Europe,Croatia,2001,2.70%
384,Central Europe,Czechia,2001,1.75%
385,Central Europe,Estonia,2001,1.50%
386,Central Europe,Hungary,2001,1.57%
387,Central Europe,Kosovo,2001,
388,Central Europe,North Macedonia,2001,6.10%
389,Central Europe,Montenegro,2001,
390,Central Europe,Poland,2001,1.91%
391,Central Europe,Romania,2001,2.42%
392,Central Europe,Serbia,2001,4.03%
393,Central Europe,Slovakia,2001,1.84%
394,Central Europe,Slovenia,2001,1.30%
395,Eastern Europe,Belarus,2001,1.44%
396,Eastern Europe,Moldova,2001,0.40%
397,Eastern Europe,Russia,2001,3.55%
398,Eastern Europe,Ukraine,2001,1.89%
399,Western Europe,Austria,2001,0.91%
400,Western Europe,Belgium,2001,1.28%
401,Western Europe,Cyprus,2001,3.15%
402,Western Europe,Denmark,2001,1.53%
403,Western Europe,Finland,2001,1.14%
404,Western Europe,France,2001,2.03%
405,Western Europe,Germany,2001,1.32%
406,Western Europe,Greece,2001,3.25%
407,Western Europe,Ireland,2001,0.70%
408,Western Europe,Italy,2001,1.68%
409,Western Europe,Luxembourg,2001,0.68%
410,Western Europe,Malta,2001,0.67%
411,Western Europe,Netherlands,2001,1.44%
412,Western Europe,Norway,2001,1.70%
413,Western Europe,Portugal,2001,1.91%
414,Western Europe,Spain,2001,1.63%
415,Western Europe,Sweden,2001,1.78%
416,Western Europe,Switzerland,2001,0.99%
417,Western Europe,United Kingdom,2001,2.41%
418,Central Europe,Albania,2002,1.32%
419,Central Europe,Bosnia and Herzegovina,2002,3.90%
420,Central Europe,Bulgaria,2002,2.80%
421,Central Europe,Croatia,2002,2.73%
422,Central Europe,Czechia,2002,1.82%
423,Central Europe,Estonia,2002,1.67%
424,Central Europe,Hungary,2002,1.59%
425,Central Europe,Kosovo,2002,
426,Central Europe,North Macedonia,2002,2.65%
427,Central Europe,Montenegro,2002,
428,Central Europe,Poland,2002,1.90%
429,Central Europe,Romania,2002,2.29%
430,Central Europe,Serbia,2002,4.21%
431,Central Europe,Slovakia,2002,1.78%
432,Central Europe,Slovenia,2002,1.39%
433,Eastern Europe,Belarus,2002,1.40%
434,Eastern Europe,Moldova,2002,0.42%
435,Eastern Europe,Russia,2002,3.76%
436,Eastern Europe,Ukraine,2002,1.98%
437,Western Europe,Austria,2002,0.88%
438,Western Europe,Belgium,2002,1.22%
439,Western Europe,Cyprus,2002,2.13%
440,Western Europe,Denmark,2002,1.51%
441,Western Europe,Finland,2002,1.15%
442,Western Europe,France,2002,2.05%
443,Western Europe,Germany,2002,1.33%
444,Western Europe,Greece,2002,3.08%
445,Western Europe,Ireland,2002,0.63%
446,Western Europe,Italy,2002,1.71%
447,Western Europe,Luxembourg,2002,0.59%
448,Western Europe,Malta,2002,0.64%
449,Western Europe,Netherlands,2002,1.43%
450,Western Europe,Norway,2002,2.08%
451,Western Europe,Portugal,2002,1.94%
452,Western Europe,Spain,2002,1.46%
453,Western Europe,Sweden,2002,1.64%
454,Western Europe,Switzerland,2002,0.96%
455,Western Europe,United Kingdom,2002,2.49%
456,Central Europe,Albania,2003,1.34%
457,Central Europe,Bosnia and Herzegovina,2003,2.42%
458,Central Europe,Bulgaria,2003,2.71%
459,Central Europe,Croatia,2003,2.05%
460,Central Europe,Czechia,2003,1.89%
461,Central Europe,Estonia,2003,1.74%
462,Central Europe,Hungary,2003,1.64%
463,Central Europe,Kosovo,2003,
464,Central Europe,North Macedonia,2003,2.34%
465,Central Europe,Montenegro,2003,
466,Central Europe,Poland,2003,1.91%
467,Central Europe,Romania,2003,2.09%
468,Central Europe,Serbia,2003,3.45%
469,Central Europe,Slovakia,2003,1.84%
470,Central Europe,Slovenia,2003,1.40%
471,Eastern Europe,Belarus,2003,1.30%
472,Eastern Europe,Moldova,2003,0.42%
473,Eastern Europe,Russia,2003,3.67%
474,Eastern Europe,Ukraine,2003,2.12%
475,Western Europe,Austria,2003,0.91%
476,Western Europe,Belgium,2003,1.21%
477,Western Europe,Cyprus,2003,1.99%
478,Western Europe,Denmark,2003,1.47%
479,Western Europe,Finland,2003,1.45%
480,Western Europe,France,2003,2.10%
481,Western Europe,Germany,2003,1.32%
482,Western Europe,Greece,2003,2.49%
483,Western Europe,Ireland,2003,0.59%
484,Western Europe,Italy,2003,1.71%
485,Western Europe,Luxembourg,2003,0.61%
486,Western Europe,Malta,2003,0.63%
487,Western Europe,Netherlands,2003,1.44%
488,Western Europe,Norway,2003,1.97%
489,Western Europe,Portugal,2003,1.89%
490,Western Europe,Spain,2003,1.42%
491,Western Europe,Sweden,2003,1.60%
492,Western Europe,Switzerland,2003,0.93%
493,Western Europe,United Kingdom,2003,2.55%
494,Central Europe,Albania,2004,1.38%
495,Central Europe,Bosnia and Herzegovina,2004,1.89%
496,Central Europe,Bulgaria,2004,2.39%
497,Central Europe,Croatia,2004,1.76%
498,Central Europe,Czechia,2004,1.71%
499,Central Europe,Estonia,2004,1.70%
500,Central Europe,Hungary,2004,1.47%
501,Central Europe,Kosovo,2004,
502,Central Europe,North Macedonia,2004,2.38%
503,Central Europe,Montenegro,2004,
504,Central Europe,Poland,2004,1.87%
505,Central Europe,Romania,2004,2.01%
506,Central Europe,Serbia,2004,2.97%
507,Central Europe,Slovakia,2004,1.65%
508,Central Europe,Slovenia,2004,1.43%
509,Eastern Europe,Belarus,2004,1.36%
510,Eastern Europe,Moldova,2004,0.36%
511,Eastern Europe,Russia,2004,3.30%
512,Eastern Europe,Ukraine,2004,1.97%
513,Western Europe,Austria,2004,0.89%
514,Western Europe,Belgium,2004,1.15%
515,Western Europe,Cyprus,2004,1.96%
516,Western Europe,Denmark,2004,1.42%
517,Western Europe,Finland,2004,1.47%
518,Western Europe,France,2004,2.10%
519,Western Europe,Germany,2004,1.27%
520,Western Europe,Greece,2004,2.61%
521,Western Europe,Ireland,2004,0.57%
522,Western Europe,Italy,2004,1.68%
523,Western Europe,Luxembourg,2004,0.61%
524,Western Europe,Malta,2004,0.67%
525,Western Europe,Netherlands,2004,1.43%
526,Western Europe,Norway,2004,1.85%
527,Western Europe,Portugal,2004,1.97%
528,Western Europe,Spain,2004,1.43%
529,Western Europe,Sweden,2004,1.44%
530,Western Europe,Switzerland,2004,0.89%
531,Western Europe,United Kingdom,2004,2.50%
532,Central Europe,Albania,2005,1.35%
533,Central Europe,Bosnia and Herzegovina,2005,1.54%
534,Central Europe,Bulgaria,2005,2.25%
535,Central Europe,Croatia,2005,1.76%
536,Central Europe,Czechia,2005,1.79%
537,Central Europe,Estonia,2005,1.45%
538,Central Europe,Hungary,2005,1.41%
539,Central Europe,Kosovo,2005,
540,Central Europe,North Macedonia,2005,2.03%
541,Central Europe,Montenegro,2005,2.69%
542,Central Europe,Poland,2005,1.93%
543,Central Europe,Romania,2005,1.98%
544,Central Europe,Serbia,2005,2.27%
545,Central Europe,Slovakia,2005,1.68%
546,Central Europe,Slovenia,2005,1.42%
547,Eastern Europe,Belarus,2005,1.50%
548,Eastern Europe,Moldova,2005,0.40%
549,Eastern Europe,Russia,2005,3.33%
550,Eastern Europe,Ukraine,2005,2.41%
551,Western Europe,Austria,2005,0.85%
552,Western Europe,Belgium,2005,1.09%
553,Western Europe,Cyprus,2005,2.04%
554,Western Europe,Denmark,2005,1.31%
555,Western Europe,Finland,2005,1.47%
556,Western Europe,France,2005,2.02%
557,Western Europe,Germany,2005,1.07%
558,Western Europe,Greece,2005,2.84%
559,Western Europe,Ireland,2005,0.54%
560,Western Europe,Italy,2005,1.61%
561,Western Europe,Luxembourg,2005,0.59%
562,Western Europe,Malta,2005,0.82%
563,Western Europe,Netherlands,2005,1.40%
564,Western Europe,Norway,2005,1.58%
565,Western Europe,Portugal,2005,2.05%
566,Western Europe,Spain,2005,1.39%
567,Western Europe,Sweden,2005,1.42%
568,Western Europe,Switzerland,2005,0.85%
569,Western Europe,United Kingdom,2005,2.43%
570,Central Europe,Albania,2006,1.57%
571,Central Europe,Bosnia and Herzegovina,2006,1.39%
572,Central Europe,Bulgaria,2006,2.10%
573,Central Europe,Croatia,2006,1.69%
574,Central Europe,Czechia,2006,1.58%
575,Central Europe,Estonia,2006,1.39%
576,Central Europe,Hungary,2006,1.22%
577,Central Europe,Kosovo,2006,
578,Central Europe,North Macedonia,2006,1.84%
579,Central Europe,Montenegro,2006,2.29%
580,Central Europe,Poland,2006,1.92%
581,Central Europe,Romania,2006,1.82%
582,Central Europe,Serbia,2006,2.17%
583,Central Europe,Slovakia,2006,1.60%
584,Central Europe,Slovenia,2006,1.54%
585,Eastern Europe,Belarus,2006,1.71%
586,Eastern Europe,Moldova,2006,0.48%
587,Eastern Europe,Russia,2006,3.25%
588,Eastern Europe,Ukraine,2006,2.39%
589,Western Europe,Austria,2006,0.79%
590,Western Europe,Belgium,2006,1.05%
591,Western Europe,Cyprus,2006,1.90%
592,Western Europe,Denmark,2006,1.38%
593,Western Europe,Finland,2006,1.44%
594,Western Europe,France,2006,1.98%
595,Western Europe,Germany,2006,1.20%
596,Western Europe,Greece,2006,2.78%
597,Western Europe,Ireland,2006,0.51%
598,Western Europe,Italy,2006,1.53%
599,Western Europe,Luxembourg,2006,0.53%
600,Western Europe,Malta,2006,0.66%
601,Western Europe,Netherlands,2006,1.39%
602,Western Europe,Norway,2006,1.45%
603,Western Europe,Portugal,2006,1.95%
604,Western Europe,Spain,2006,1.37%
605,Western Europe,Sweden,2006,1.33%
606,Western Europe,Switzerland,2006,0.77%
607,Western Europe,United Kingdom,2006,2.36%
608,Central Europe,Albania,2007,1.82%
609,Central Europe,Bosnia and Herzegovina,2007,1.24%
610,Central Europe,Bulgaria,2007,2.23%
611,Central Europe,Croatia,2007,1.63%
612,Central Europe,Czechia,2007,1.43%
613,Central Europe,Estonia,2007,1.66%
614,Central Europe,Hungary,2007,1.27%
615,Central Europe,Kosovo,2007,
616,Central Europe,North Macedonia,2007,1.95%
617,Central Europe,Montenegro,2007,1.74%
618,Central Europe,Poland,2007,2.00%
619,Central Europe,Romania,2007,1.49%
620,Central Europe,Serbia,2007,2.25%
621,Central Europe,Slovakia,2007,1.48%
622,Central Europe,Slovenia,2007,1.44%
623,Eastern Europe,Belarus,2007,1.65%
624,Eastern Europe,Moldova,2007,0.52%
625,Eastern Europe,Russia,2007,3.12%
626,Eastern Europe,Ukraine,2007,2.47%
627,Western Europe,Austria,2007,0.90%
628,Western Europe,Belgium,2007,1.09%
629,Western Europe,Cyprus,2007,1.68%
630,Western Europe,Denmark,2007,1.31%
631,Western Europe,Finland,2007,1.29%
632,Western Europe,France,2007,1.91%
633,Western Europe,Germany,2007,1.17%
634,Western Europe,Greece,2007,2.68%
635,Western Europe,Ireland,2007,0.51%
636,Western Europe,Italy,2007,1.45%
637,Western Europe,Luxembourg,2007,0.56%
638,Western Europe,Malta,2007,0.62%
639,Western Europe,Netherlands,2007,1.35%
640,Western Europe,Norway,2007,1.47%
641,Western Europe,Portugal,2007,1.82%
642,Western Europe,Spain,2007,1.36%
643,Western Europe,Sweden,2007,1.30%
644,Western Europe,Switzerland,2007,0.73%
645,Western Europe,United Kingdom,2007,2.36%
646,Central Europe,Albania,2008,1.98%
647,Central Europe,Bosnia and Herzegovina,2008,1.22%
648,Central Europe,Bulgaria,2008,2.13%
649,Central Europe,Croatia,2008,1.85%
650,Central Europe,Czechia,2008,1.23%
651,Central Europe,Estonia,2008,1.77%
652,Central Europe,Hungary,2008,1.18%
653,Central Europe,Kosovo,2008,0.02%
654,Central Europe,North Macedonia,2008,1.74%
655,Central Europe,Montenegro,2008,1.87%
656,Central Europe,Poland,2008,1.75%
657,Central Europe,Romania,2008,1.40%
658,Central Europe,Serbia,2008,2.13%
659,Central Europe,Slovakia,2008,1.46%
660,Central Europe,Slovenia,2008,1.49%
661,Eastern Europe,Belarus,2008,1.45%
662,Eastern Europe,Moldova,2008,0.61%
663,Eastern Europe,Russia,2008,3.15%
664,Eastern Europe,Ukraine,2008,2.30%
665,Western Europe,Austria,2008,0.87%
666,Western Europe,Belgium,2008,1.21%
667,Western Europe,Cyprus,2008,1.63%
668,Western Europe,Denmark,2008,1.36%
669,Western Europe,Finland,2008,1.39%
670,Western Europe,France,2008,1.90%
671,Western Europe,Germany,2008,1.21%
672,Western Europe,Greece,2008,2.98%
673,Western Europe,Ireland,2008,0.58%
674,Western Europe,Italy,2008,1.54%
675,Western Europe,Luxembourg,2008,0.39%
676,Western Europe,Malta,2008,0.62%
677,Western Europe,Netherlands,2008,1.31%
678,Western Europe,Norway,2008,1.38%
679,Western Europe,Portugal,2008,1.84%
680,Western Europe,Spain,2008,1.37%
681,Western Europe,Sweden,2008,1.16%
682,Western Europe,Switzerland,2008,0.72%
683,Western Europe,United Kingdom,2008,2.48%
684,Central Europe,Albania,2009,1.52%
685,Central Europe,Bosnia and Herzegovina,2009,1.38%
686,Central Europe,Bulgaria,2009,1.74%
687,Central Europe,Croatia,2009,1.79%
688,Central Europe,Czechia,2009,1.31%
689,Central Europe,Estonia,2009,1.79%
690,Central Europe,Hungary,2009,1.13%
691,Central Europe,Kosovo,2009,0.48%
692,Central Europe,North Macedonia,2009,1.69%
693,Central Europe,Montenegro,2009,1.84%
694,Central Europe,Poland,2009,1.80%
695,Central Europe,Romania,2009,1.28%
696,Central Europe,Serbia,2009,2.16%
697,Central Europe,Slovakia,2009,1.52%
698,Central Europe,Slovenia,2009,1.59%
699,Eastern Europe,Belarus,2009,1.37%
700,Eastern Europe,Moldova,2009,0.46%
701,Eastern Europe,Russia,2009,3.92%
702,Eastern Europe,Ukraine,2009,1.91%
703,Western Europe,Austria,2009,0.83%
704,Western Europe,Belgium,2009,1.16%
705,Western Europe,Cyprus,2009,1.82%
706,Western Europe,Denmark,2009,1.35%
707,Western Europe,Finland,2009,1.56%
708,Western Europe,France,2009,2.10%
709,Western Europe,Germany,2009,1.31%
710,Western Europe,Greece,2009,3.22%
711,Western Europe,Ireland,2009,0.60%
712,Western Europe,Italy,2009,1.55%
713,Western Europe,Luxembourg,2009,0.38%
714,Western Europe,Malta,2009,0.68%
715,Western Europe,Netherlands,2009,1.40%
716,Western Europe,Norway,2009,1.60%
717,Western Europe,Portugal,2009,2.03%
718,Western Europe,Spain,2009,1.36%
719,Western Europe,Sweden,2009,1.16%
720,Western Europe,Switzerland,2009,0.73%
721,Western Europe,United Kingdom,2009,2.64%
722,Central Europe,Albania,2010,1.56%
723,Central Europe,Bosnia and Herzegovina,2010,1.28%
724,Central Europe,Bulgaria,2010,1.65%
725,Central Europe,Croatia,2010,1.68%
726,Central Europe,Czechia,2010,1.19%
727,Central Europe,Estonia,2010,1.69%
728,Central Europe,Hungary,2010,1.02%
729,Central Europe,Kosovo,2010,0.66%
730,Central Europe,North Macedonia,2010,1.38%
731,Central Europe,Montenegro,2010,1.81%
732,Central Europe,Poland,2010,1.83%
733,Central Europe,Romania,2010,1.25%
734,Central Europe,Serbia,2010,2.09%
735,Central Europe,Slovakia,2010,1.26%
736,Central Europe,Slovenia,2010,1.60%
737,Eastern Europe,Belarus,2010,1.34%
738,Eastern Europe,Moldova,2010,0.26%
739,Eastern Europe,Russia,2010,3.59%
740,Eastern Europe,Ukraine,2010,1.90%
741,Western Europe,Austria,2010,0.82%
742,Western Europe,Belgium,2010,1.08%
743,Western Europe,Cyprus,2010,1.86%
744,Western Europe,Denmark,2010,1.40%
745,Western Europe,Finland,2010,1.49%
746,Western Europe,France,2010,1.97%
747,Western Europe,Germany,2010,1.27%
748,Western Europe,Greece,2010,2.75%
749,Western Europe,Ireland,2010,0.57%
750,Western Europe,Italy,2010,1.50%
751,Western Europe,Luxembourg,2010,0.51%
752,Western Europe,Malta,2010,0.65%
753,Western Europe,Netherlands,2010,1.33%
754,Western Europe,Norway,2010,1.52%
755,Western Europe,Portugal,2010,1.98%
756,Western Europe,Spain,2010,1.39%
757,Western Europe,Sweden,2010,1.19%
758,Western Europe,Switzerland,2010,0.68%
759,Western Europe,United Kingdom,2010,2.57%
760,Central Europe,Albania,2011,1.53%
761,Central Europe,Bosnia and Herzegovina,2011,1.14%
762,Central Europe,Bulgaria,2011,1.32%
763,Central Europe,Croatia,2011,1.75%
764,Central Europe,Czechia,2011,1.08%
765,Central Europe,Estonia,2011,1.66%
766,Central Europe,Hungary,2011,1.04%
767,Central Europe,Kosovo,2011,0.76%
768,Central Europe,North Macedonia,2011,1.26%
769,Central Europe,Montenegro,2011,1.75%
770,Central Europe,Poland,2011,1.79%
771,Central Europe,Romania,2011,1.30%
772,Central Europe,Serbia,2011,2.00%
773,Central Europe,Slovakia,2011,1.07%
774,Central Europe,Slovenia,2011,1.29%
775,Eastern Europe,Belarus,2011,1.22%
776,Eastern Europe,Moldova,2011,0.27%
777,Eastern Europe,Russia,2011,3.43%
778,Eastern Europe,Ukraine,2011,1.53%
779,Western Europe,Austria,2011,0.79%
780,Western Europe,Belgium,2011,1.04%
781,Western Europe,Cyprus,2011,1.74%
782,Western Europe,Denmark,2011,1.31%
783,Western Europe,Finland,2011,1.49%
784,Western Europe,France,2011,1.89%
785,Western Europe,Germany,2011,1.21%
786,Western Europe,Greece,2011,2.52%
787,Western Europe,Ireland,2011,0.55%
788,Western Europe,Italy,2011,1.48%
789,Western Europe,Luxembourg,2011,0.42%
790,Western Europe,Malta,2011,0.58%
791,Western Europe,Netherlands,2011,1.29%
792,Western Europe,Norway,2011,1.45%
793,Western Europe,Portugal,2011,2.00%
794,Western Europe,Spain,2011,1.33%
795,Western Europe,Sweden,2011,1.10%
796,Western Europe,Switzerland,2011,0.69%
797,Western Europe,United Kingdom,2011,2.49%
798,Central Europe,Albania,2012,1.49%
799,Central Europe,Bosnia and Herzegovina,2012,1.15%
800,Central Europe,Bulgaria,2012,1.34%
801,Central Europe,Croatia,2012,1.67%
802,Central Europe,Czechia,2012,1.06%
803,Central Europe,Estonia,2012,1.88%
804,Central Europe,Hungary,2012,1.03%
805,Central Europe,Kosovo,2012,0.67%
806,Central Europe,North Macedonia,2012,1.23%
807,Central Europe,Montenegro,2012,1.66%
808,Central Europe,Poland,2012,1.80%
809,Central Europe,Romania,2012,1.23%
810,Central Europe,Serbia,2012,1.97%
811,Central Europe,Slovakia,2012,1.08%
812,Central Europe,Slovenia,2012,1.17%
813,Eastern Europe,Belarus,2012,1.23%
814,Eastern Europe,Moldova,2012,0.27%
815,Eastern Europe,Russia,2012,3.69%
816,Eastern Europe,Ukraine,2012,1.61%
817,Western Europe,Austria,2012,0.78%
818,Western Europe,Belgium,2012,1.04%
819,Western Europe,Cyprus,2012,1.66%
820,Western Europe,Denmark,2012,1.35%
821,Western Europe,Finland,2012,1.53%
822,Western Europe,France,2012,1.87%
823,Western Europe,Germany,2012,1.24%
824,Western Europe,Greece,2012,2.44%
825,Western Europe,Ireland,2012,0.51%
826,Western Europe,Italy,2012,1.43%
827,Western Europe,Luxembourg,2012,0.39%
828,Western Europe,Malta,2012,0.53%
829,Western Europe,Netherlands,2012,1.24%
830,Western Europe,Norway,2012,1.40%
831,Western Europe,Portugal,2012,1.91%
832,Western Europe,Spain,2012,1.42%
833,Western Europe,Sweden,2012,1.13%
834,Western Europe,Switzerland,2012,0.66%
835,Western Europe,United Kingdom,2012,2.41%
836,Central Europe,Albania,2013,1.41%
837,Central Europe,Bosnia and Herzegovina,2013,1.09%
838,Central Europe,Bulgaria,2013,1.46%
839,Central Europe,Croatia,2013,1.63%
840,Central Europe,Czechia,2013,1.02%
841,Central Europe,Estonia,2013,1.90%
842,Central Europe,Hungary,2013,0.95%
843,Central Europe,Kosovo,2013,0.69%
844,Central Europe,North Macedonia,2013,1.17%
845,Central Europe,Montenegro,2013,1.45%
846,Central Europe,Poland,2013,1.78%
847,Central Europe,Romania,2013,1.29%
848,Central Europe,Serbia,2013,1.90%
849,Central Europe,Slovakia,2013,0.98%
850,Central Europe,Slovenia,2013,1.05%
851,Eastern Europe,Belarus,2013,1.27%
852,Eastern Europe,Moldova,2013,0.28%
853,Eastern Europe,Russia,2013,3.85%
854,Eastern Europe,Ukraine,2013,1.58%
855,Western Europe,Austria,2013,0.75%
856,Western Europe,Belgium,2013,1.01%
857,Western Europe,Cyprus,2013,1.61%
858,Western Europe,Denmark,2013,1.23%
859,Western Europe,Finland,2013,1.53%
860,Western Europe,France,2013,1.85%
861,Western Europe,Germany,2013,1.19%
862,Western Europe,Greece,2013,2.37%
863,Western Europe,Ireland,2013,0.50%
864,Western Europe,Italy,2013,1.40%
865,Western Europe,Luxembourg,2013,0.40%
866,Western Europe,Malta,2013,0.51%
867,Western Europe,Netherlands,2013,1.17%
868,Western Europe,Norway,2013,1.41%
869,Western Europe,Portugal,2013,2.09%
870,Western Europe,Spain,2013,1.27%
871,Western Europe,Sweden,2013,1.11%
872,Western Europe,Switzerland,2013,0.71%
873,Western Europe,United Kingdom,2013,2.28%
874,Central Europe,Albania,2014,1.35%
875,Central Europe,Bosnia and Herzegovina,2014,1.03%
876,Central Europe,Bulgaria,2014,1.31%
877,Central Europe,Croatia,2014,1.82%
878,Central Europe,Czechia,2014,0.97%
879,Central Europe,Estonia,2014,1.91%
880,Central Europe,Hungary,2014,0.86%
881,Central Europe,Kosovo,2014,0.73%
882,Central Europe,North Macedonia,2014,1.09%
883,Central Europe,Montenegro,2014,1.47%
884,Central Europe,Poland,2014,1.91%
885,Central Europe,Romania,2014,1.35%
886,Central Europe,Serbia,2014,1.94%
887,Central Europe,Slovakia,2014,0.99%
888,Central Europe,Slovenia,2014,0.97%
889,Eastern Europe,Belarus,2014,1.27%
890,Eastern Europe,Moldova,2014,0.29%
891,Eastern Europe,Russia,2014,4.11%
892,Eastern Europe,Ukraine,2014,2.25%
893,Western Europe,Austria,2014,0.75%
894,Western Europe,Belgium,2014,0.97%
895,Western Europe,Cyprus,2014,1.55%
896,Western Europe,Denmark,2014,1.15%
897,Western Europe,Finland,2014,1.45%
898,Western Europe,France,2014,1.86%
899,Western Europe,Germany,2014,1.15%
900,Western Europe,Greece,2014,2.35%
901,Western Europe,Ireland,2014,0.46%
902,Western Europe,Italy,2014,1.28%
903,Western Europe,Luxembourg,2014,0.41%
904,Western Europe,Malta,2014,0.49%
905,Western Europe,Netherlands,2014,1.16%
906,Western Europe,Norway,2014,1.47%
907,Western Europe,Portugal,2014,1.79%
908,Western Europe,Spain,2014,1.25%
909,Western Europe,Sweden,2014,1.13%
910,Western Europe,Switzerland,2014,0.63%
911,Western Europe,United Kingdom,2014,2.17%
912,Central Europe,Albania,2015,1.16%
913,Central Europe,Bosnia and Herzegovina,2015,1.00%
914,Central Europe,Bulgaria,2015,1.25%
915,Central Europe,Croatia,2015,1.76%
916,Central Europe,Czechia,2015,0.95%
917,Central Europe,Estonia,2015,2.01%
918,Central Europe,Hungary,2015,0.91%
919,Central Europe,Kosovo,2015,0.78%
920,Central Europe,North Macedonia,2015,0.99%
921,Central Europe,Montenegro,2015,1.40%
922,Central Europe,Poland,2015,2.14%
923,Central Europe,Romania,2015,1.45%
924,Central Europe,Serbia,2015,1.83%
925,Central Europe,Slovakia,2015,1.11%
926,Central Europe,Slovenia,2015,0.93%
927,Eastern Europe,Belarus,2015,1.26%
928,Eastern Europe,Moldova,2015,0.30%
929,Eastern Europe,Russia,2015,4.87%
930,Eastern Europe,Ukraine,2015,3.25%
931,Western Europe,Austria,2015,0.70%
932,Western Europe,Belgium,2015,0.91%
933,Western Europe,Cyprus,2015,1.65%
934,Western Europe,Denmark,2015,1.11%
935,Western Europe,Finland,2015,1.45%
936,Western Europe,France,2015,1.87%
937,Western Europe,Germany,2015,1.14%
938,Western Europe,Greece,2015,2.47%
939,Western Europe,Ireland,2015,0.34%
940,Western Europe,Italy,2015,1.21%
941,Western Europe,Luxembourg,2015,0.45%
942,Western Europe,Malta,2015,0.47%
943,Western Europe,Netherlands,2015,1.13%
944,Western Europe,Norway,2015,1.51%
945,Western Europe,Portugal,2015,1.79%
946,Western Europe,Spain,2015,1.27%
947,Western Europe,Sweden,2015,1.07%
948,Western Europe,Switzerland,2015,0.64%
949,Western Europe,United Kingdom,2015,2.03%
950,Central Europe,Albania,2016,1.10%
951,Central Europe,Bosnia and Herzegovina,2016,0.93%
952,Central Europe,Bulgaria,2016,1.25%
953,Central Europe,Croatia,2016,1.60%
954,Central Europe,Czechia,2016,1.00%
955,Central Europe,Estonia,2016,2.05%
956,Central Europe,Hungary,2016,1.00%
957,Central Europe,Kosovo,2016,0.77%
958,Central Europe,North Macedonia,2016,0.97%
959,Central Europe,Montenegro,2016,1.41%
960,Central Europe,Poland,2016,1.94%
961,Central Europe,Romania,2016,1.41%
962,Central Europe,Serbia,2016,1.75%
963,Central Europe,Slovakia,2016,1.12%
964,Central Europe,Slovenia,2016,1.00%
965,Eastern Europe,Belarus,2016,1.25%
966,Eastern Europe,Moldova,2016,0.34%
967,Eastern Europe,Russia,2016,5.43%
968,Eastern Europe,Ukraine,2016,3.15%
969,Western Europe,Austria,2016,0.73%
970,Western Europe,Belgium,2016,0.89%
971,Western Europe,Cyprus,2016,1.41%
972,Western Europe,Denmark,2016,1.15%
973,Western Europe,Finland,2016,1.42%
974,Western Europe,France,2016,1.92%
975,Western Europe,Germany,2016,1.15%
976,Western Europe,Greece,2016,2.58%
977,Western Europe,Ireland,2016,0.33%
978,Western Europe,Italy,2016,1.33%
979,Western Europe,Luxembourg,2016,0.41%
980,Western Europe,Malta,2016,0.51%
981,Western Europe,Netherlands,2016,1.16%
982,Western Europe,Norway,2016,1.63%
983,Western Europe,Portugal,2016,2.00%
984,Western Europe,Spain,2016,1.14%
985,Western Europe,Sweden,2016,1.05%
986,Western Europe,Switzerland,2016,0.66%
987,Western Europe,United Kingdom,2016,1.96%
988,Central Europe,Albania,2017,1.11%
989,Central Europe,Bosnia and Herzegovina,2017,0.86%
990,Central Europe,Bulgaria,2017,1.23%
991,Central Europe,Croatia,2017,1.64%
992,Central Europe,Czechia,2017,0.96%
993,Central Europe,Estonia,2017,2.01%
994,Central Europe,Hungary,2017,1.03%
995,Central Europe,Kosovo,2017,0.80%
996,Central Europe,North Macedonia,2017,0.90%
997,Central Europe,Montenegro,2017,1.36%
998,Central Europe,Poland,2017,1.89%
999,Central Europe,Romania,2017,1.72%
1000,Central Europe,Serbia,2017,1.84%
1001,Central Europe,Slovakia,2017,1.11%
1002,Central Europe,Slovenia,2017,0.98%
1003,Eastern Europe,Belarus,2017,1.15%
1004,Eastern Europe,Moldova,2017,0.32%
1005,Eastern Europe,Russia,2017,4.25%
1006,Eastern Europe,Ukraine,2017,2.88%
1007,Western Europe,Austria,2017,0.76%
1008,Western Europe,Belgium,2017,0.88%
1009,Western Europe,Cyprus,2017,1.58%
1010,Western Europe,Denmark,2017,1.14%
1011,Western Europe,Finland,2017,1.35%
1012,Western Europe,France,2017,1.91%
1013,Western Europe,Germany,2017,1.15%
1014,Western Europe,Greece,2017,2.56%
1015,Western Europe,Ireland,2017,0.30%
1016,Western Europe,Italy,2017,1.36%
1017,Western Europe,Luxembourg,2017,0.52%
1018,Western Europe,Malta,2017,0.48%
1019,Western Europe,Netherlands,2017,1.16%
1020,Western Europe,Norway,2017,1.72%
1021,Western Europe,Portugal,2017,1.67%
1022,Western Europe,Spain,2017,1.23%
1023,Western Europe,Sweden,2017,1.02%
1024,Western Europe,Switzerland,2017,0.66%
1025,Western Europe,United Kingdom,2017,1.92%
1026,Central Europe,Albania,2018,1.16%
1027,Central Europe,Bosnia and Herzegovina,2018,0.85%
1028,Central Europe,Bulgaria,2018,1.45%
1029,Central Europe,Croatia,2018,1.55%
1030,Central Europe,Czechia,2018,1.09%
1031,Central Europe,Estonia,2018,2.01%
1032,Central Europe,Hungary,2018,1.12%
1033,Central Europe,Kosovo,2018,0.80%
1034,Central Europe,North Macedonia,2018,0.94%
1035,Central Europe,Montenegro,2018,1.37%
1036,Central Europe,Poland,2018,2.05%
1037,Central Europe,Romania,2018,1.81%
1038,Central Europe,Serbia,2018,1.61%
1039,Central Europe,Slovakia,2018,1.23%
1040,Central Europe,Slovenia,2018,0.98%
1041,Eastern Europe,Belarus,2018,1.18%
1042,Eastern Europe,Moldova,2018,0.33%
1043,Eastern Europe,Russia,2018,3.69%
1044,Eastern Europe,Ukraine,2018,3.19%
1045,Western Europe,Austria,2018,0.74%
1046,Western Europe,Belgium,2018,0.89%
1047,Western Europe,Cyprus,2018,1.78%
1048,Western Europe,Denmark,2018,1.28%
1049,Western Europe,Finland,2018,1.36%
1050,Western Europe,France,2018,1.84%
1051,Western Europe,Germany,2018,1.17%
1052,Western Europe,Greece,2018,2.72%
1053,Western Europe,Ireland,2018,0.29%
1054,Western Europe,Italy,2018,1.36%
1055,Western Europe,Luxembourg,2018,0.53%
1056,Western Europe,Malta,2018,0.44%
1057,Western Europe,Netherlands,2018,1.22%
1058,Western Europe,Norway,2018,1.73%
1059,Western Europe,Portugal,2018,1.76%
1060,Western Europe,Spain,2018,1.25%
1061,Western Europe,Sweden,2018,1.03%
1062,Western Europe,Switzerland,2018,0.64%
1063,Western Europe,United Kingdom,2018,1.92%
1064,Central Europe,Albania,2019,1.30%
1065,Central Europe,Bosnia and Herzegovina,2019,0.82%
1066,Central Europe,Bulgaria,2019,3.15%
1067,Central Europe,Croatia,2019,1.61%
1068,Central Europe,Czechia,2019,1.15%
1069,Central Europe,Estonia,2019,2.02%
1070,Central Europe,Hungary,2019,1.25%
1071,Central Europe,Kosovo,2019,0.83%
1072,Central Europe,North Macedonia,2019,1.16%
1073,Central Europe,Montenegro,2019,1.33%
1074,Central Europe,Poland,2019,1.97%
1075,Central Europe,Romania,2019,1.84%
1076,Central Europe,Serbia,2019,2.21%
1077,Central Europe,Slovakia,2019,1.71%
1078,Central Europe,Slovenia,2019,1.06%
1079,Eastern Europe,Belarus,2019,1.20%
1080,Eastern Europe,Moldova,2019,0.36%
1081,Eastern Europe,Russia,2019,3.83%
1082,Eastern Europe,Ukraine,2019,3.52%
1083,Western Europe,Austria,2019,0.73%
1084,Western Europe,Belgium,2019,0.89%
1085,Western Europe,Cyprus,2019,1.86%
1086,Western Europe,Denmark,2019,1.31%
1087,Western Europe,Finland,2019,1.35%
1088,Western Europe,France,2019,1.84%
1089,Western Europe,Germany,2019,1.26%
1090,Western Europe,Greece,2019,2.67%
1091,Western Europe,Ireland,2019,0.28%
1092,Western Europe,Italy,2019,1.31%
1093,Western Europe,Luxembourg,2019,0.57%
1094,Western Europe,Malta,2019,0.51%
1095,Western Europe,Netherlands,2019,1.32%
1096,Western Europe,Norway,2019,1.86%
1097,Western Europe,Portugal,2019,1.78%
1098,Western Europe,Spain,2019,1.23%
1099,Western Europe,Sweden,2019,1.09%
1100,Western Europe,Switzerland,2019,0.69%
1101,Western Europe,United Kingdom,2019,1.98%
1102,Central Europe,Albania,2020,1.26%
1103,Central Europe,Bosnia and Herzegovina,2020,0.85%
1104,Central Europe,Bulgaria,2020,1.54%
1105,Central Europe,Croatia,2020,1.77%
1106,Central Europe,Czechia,2020,1.33%
1107,Central Europe,Estonia,2020,2.36%
1108,Central Europe,Hungary,2020,1.86%
1109,Central Europe,Kosovo,2020,1.06%
1110,Central Europe,North Macedonia,2020,1.25%
1111,Central Europe,Montenegro,2020,1.67%
1112,Central Europe,Poland,2020,2.30%
1113,Central Europe,Romania,2020,2.03%
1114,Central Europe,Serbia,2020,2.10%
1115,Central Europe,Slovakia,2020,1.95%
1116,Central Europe,Slovenia,2020,1.06%
1117,Eastern Europe,Belarus,2020,1.17%
1118,Eastern Europe,Moldova,2020,0.37%
1119,Eastern Europe,Russia,2020,4.26%
1120,Eastern Europe,Ukraine,2020,3.81%
1121,Western Europe,Austria,2020,0.83%
1122,Western Europe,Belgium,2020,1.05%
1123,Western Europe,Cyprus,2020,2.05%
1124,Western Europe,Denmark,2020,1.40%
1125,Western Europe,Finland,2020,1.53%
1126,Western Europe,France,2020,2.01%
1127,Western Europe,Germany,2020,1.39%
1128,Western Europe,Greece,2020,2.81%
1129,Western Europe,Ireland,2020,0.29%
1130,Western Europe,Italy,2020,1.53%
1131,Western Europe,Luxembourg,2020,0.63%
1132,Western Europe,Malta,2020,0.46%
1133,Western Europe,Netherlands,2020,1.48%
1134,Western Europe,Norway,2020,2.01%
1135,Western Europe,Portugal,2020,1.89%
1136,Western Europe,Spain,2020,1.36%
1137,Western Europe,Sweden,2020,1.16%
1138,Western Europe,Switzerland,2020,0.85%
1139,Western Europe,United Kingdom,2020,2.24%
1140,Central Europe,Albania,2021,1.42%
1141,Central Europe,Bosnia and Herzegovina,2021,0.89%
1142,Central Europe,Bulgaria,2021,1.59%
1143,Central Europe,Croatia,2021,2.74%
1144,Central Europe,Czechia,2021,1.43%
1145,Central Europe,Estonia,2021,2.16%
1146,Central Europe,Hungary,2021,1.64%
1147,Central Europe,Kosovo,2021,0.94%
1148,Central Europe,North Macedonia,2021,1.54%
1149,Central Europe,Montenegro,2021,1.74%
1150,Central Europe,Poland,2021,2.12%
1151,Central Europe,Romania,2021,1.95%
1152,Central Europe,Serbia,2021,2.09%
1153,Central Europe,Slovakia,2021,1.71%
1154,Central Europe,Slovenia,2021,1.22%
1155,Eastern Europe,Belarus,2021,1.16%
1156,Eastern Europe,Moldova,2021,0.41%
1157,Eastern Europe,Russia,2021,4.08%
1158,Eastern Europe,Ukraine,2021,3.23%
1159,Western Europe,Austria,2021,0.80%
1160,Western Europe,Belgium,2021,1.08%
1161,Western Europe,Cyprus,2021,1.99%
1162,Western Europe,Denmark,2021,1.37%
1163,Western Europe,Finland,2021,2.03%
1164,Western Europe,France,2021,1.95%
1165,Western Europe,Germany,2021,1.34%
1166,Western Europe,Greece,2021,3.87%
1167,Western Europe,Ireland,2021,0.26%
1168,Western Europe,Italy,2021,1.52%
1169,Western Europe,Luxembourg,2021,0.63%
1170,Western Europe,Malta,2021,0.51%
1171,Western Europe,Netherlands,2021,1.42%
1172,Western Europe,Norway,2021,1.84%
1173,Western Europe,Portugal,2021,2.07%
1174,Western Europe,Spain,2021,1.37%
1175,Western Europe,Sweden,2021,1.28%
1176,Western Europe,Switzerland,2021,0.71%
1177,Western Europe,United Kingdom,2021,2.22%
